{"labels_3d": [0, 0, 0, 0, 0, 0, 0, 0, 0, 0], "scores_3d": [0.9750605821609497, 0.9681969881057739, 0.9457505941390991, 0.8904756903648376, 0.8890261650085449, 0.7710310220718384, 0.7554224729537964, 0.7059329152107239, 0.5797930359840393, 0.44157904386520386], "bboxes_3d": [[14.758606910705566, -1.053885579109192, -1.5589219331741333, 3.756251096725464, 1.606012225151062, 1.5587539672851562, -0.313212513923645], [6.43787145614624, -3.867901563644409, -1.7355105876922607, 3.1477701663970947, 1.4599922895431519, 1.4284300804138184, -0.29985594749450684], [8.112256050109863, 1.216937780380249, -1.634119987487793, 3.666213035583496, 1.5731371641159058, 1.5916593074798584, 2.8161206245422363], [20.169763565063477, -8.431000709533691, -1.6690140962600708, 2.381594181060791, 1.5175412893295288, 1.5693610906600952, -0.3255234956741333], [33.45573043823242, -7.035895347595215, -1.3376519680023193, 4.213947772979736, 1.7446520328521729, 1.6697355508804321, 2.8284108638763428], [55.621742248535156, -20.32872772216797, -1.3770465850830078, 4.370493412017822, 1.7359598875045776, 1.7069114446640015, 2.850424289703369], [3.638108253479004, 2.7381577491760254, -1.689154863357544, 3.7206597328186035, 1.5820432901382446, 1.5177451372146606, -0.23054826259613037], [25.04060935974121, -10.156496047973633, -1.6325992345809937, 3.7392871379852295, 1.608535647392273, 1.4840625524520874, -0.329875111579895], [28.725507736206055, -1.5523350238800049, -1.2018513679504395, 3.6941616535186768, 1.5430235862731934, 1.560988187789917, 1.2415236234664917], [40.87086868286133, -9.748905181884766, -1.3668724298477173, 3.83325457572937, 1.6530073881149292, 1.5704396963119507, -0.2881559133529663]], "box_type_3d": "LiDAR"}